accuracy,epoch,grad_norm,mse
0.25,0,0.0,0.9960343041546904
0.375,1,0.03780061431483274,0.9989349076845659
