accuracy,epoch,grad_norm,margin,mean_1,mean_2,mean_3,mean_4,mse,std_1,std_2,std_3,std_4
0.5,0,0.0,0.09837559001956273,0.20333292159574326,0.09837559001956273,0.26383934223344774,0.4577738148553423,1.2319934265474748,0.7963883059715916,0.8115289123967135,0.7730202361896815,0.6086096478666126
0.5,1,0.1689506258483762,0.10482190304778163,0.19340181720534094,0.10482190304778163,0.20761512583599684,0.4671642629954371,1.251499121496713,0.7590789646157923,0.8137463888919061,0.7500663291786492,0.6771302428396793
1.0,250,0.11786967472944929,0.3210797103911113,-0.6011337180094307,0.4040958315096811,0.6290184307893019,-0.3210797103911113,0.27818904331744204,0.2949953811157357,0.500129207757722,0.37566655596035037,0.6413596592275417
1.0,500,0.1202664181285338,0.34138453044100997,-0.526469013066458,0.49116605010952863,0.500125396318448,-0.34138453044100997,0.2916981350738977,0.3669395987751446,0.46207327923618574,0.42223207848279115,0.6661058273498993
