accuracy,epoch,grad_norm,margin,mean_1,mean_2,mean_3,mean_4,mse,response_norm,std_1,std_2,std_3,std_4
0.5,0,0.0,0.49933726294597625,-0.8803059238547358,-0.8650033934333556,0.49933726294597625,0.5805708539574965,1.560357932509139,0.0,0.10295976862763165,0.16854128443619412,0.7131440672393716,0.6833140780967324
0.5,1,0.2371615574742984,0.35707621980506415,-0.8939356971654479,-0.8824820421031463,0.35707621980506415,0.46282197745324477,1.5270468500092447,0.49349188286928053,0.06602930986578469,0.09861092763917657,0.8496241535707054,0.7594987861880732
0.5,2,0.23064880558670844,0.3209703423781043,-0.7737946511736844,-0.6982077927235887,0.4774896499225731,0.3209703423781043,1.2382645696213297,0.520056839231702,0.4673193467071404,0.524499480049799,0.7042003163194551,0.8264958439176958
