reads,sweeps,test_per_class,accuracy,loss,elapsed_s,pred_counts
1,100,40,0.5875,6.56,6.0969101,135;39;44;39;34;28;22;24;20;15
3,100,40,0.61,6.46,14.1851154,132;39;45;38;34;30;22;28;19;13
5,150,40,0.61,6.4,35.3694226,133;38;45;38;34;33;19;27;19;14
