accuracy,epoch,grad_norm,mse
0.375,0,0.0,1.001841165351805
0.625,1,0.02848341271742125,0.9981848158635542
