accuracy,epoch,grad_norm,margin,mean_1,mean_2,mean_3,mean_4,mse,response_norm,std_1,std_2,std_3,std_4
0.5,0,0.0,0.42224715628941356,-0.7841687277943373,-0.8708688445920878,0.5732204688349172,0.42224715628941356,1.437915278380515,0.0,0.44579980465073943,0.10784550147190815,0.6347574486987954,0.7594114965354473
0.5,1,0.2226414453973921,0.5471393332924309,-0.8468683751549819,-0.8774954878807991,0.5471393332924309,0.5617414370993477,1.5481394253360985,0.7759491744662111,0.18541742596109095,0.12235457654100164,0.7263854783317939,0.6623740080538487
