accuracy,epoch,grad_norm,mse
0.5,0,0.0,1.844879585297366
0.5,1,0.2170150228262462,1.8444697648390511
