accuracy,epoch,grad_norm,margin,mean_1,mean_2,mean_3,mean_4,mse,response_norm,std_1,std_2,std_3,std_4
0.5,0,0.0,0.4773503320379484,-0.8149379571367548,-0.8009023847961163,0.6191479028075941,0.4773503320379484,1.4012774206953869,0.0,0.28442437311041446,0.3070803501484666,0.6353659049674614,0.7385614829253936
0.5,1,0.2988191945940335,0.4312955287659709,-0.8324697923238393,-0.787985548775272,0.4312955287659709,0.5240291376037955,1.4677620702450436,0.5003849798175733,0.25241698632407056,0.3178862172451677,0.8050706716386331,0.7081608947253147
0.5,2,0.29631617656131226,0.3916429242575979,-0.8642201376973758,-0.7625325864750614,0.4776798456370217,0.3916429242575979,1.3336114154208483,0.5217519567121125,0.14659192611659302,0.4111510246377585,0.7431002041641487,0.8025920773474585
