accuracy,epoch,grad_norm,mse
0.5,0,0.0,1.8358089773563488
0.5,1,0.9547714719923062,1.7837237052659871
