accuracy,epoch,grad_norm,mse
0.75,0,0.0,0.9961792202926711
0.5,1,0.028701290120841015,1.0050586315183592
