epoch,mse,accuracy,grad_norm,response_norm,param_delta,ff_out1,ff_out2,ff_std,ft_out1,ft_out2,ft_std,tf_out1,tf_out2,tf_std,tt_out1,tt_out2,tt_std
0,1.1458708739024974,0.25,0.0,0.0,0.0,0.010512083322707044,0.26373742849086257,0.8095324686595495,-0.1438820737089354,-0.2572606499303178,0.7804490249576497,0.4961059721591267,-0.01794603176052681,0.6753301168929263,0.1651496913526713,-0.44711314099081234,0.7790148971319277
1,1.0870059845727456,0.25,0.7123216546808194,0.620818114986081,0.018248271147900327,-0.0886922018515428,0.19498144663225908,0.8137318769098819,-0.04082397670202719,-0.2617204653221583,0.7543591542176907,0.3204804110342192,0.1509351220409992,0.7733161091208303,0.2268452406993817,-0.28690017010661795,0.7991574610263302
250,0.9604611475465241,0.75,0.7251417094707518,0.6652298882649409,1.6929941416437346,0.16230289549818805,0.0033474742346218684,0.6590756621495713,-0.028519216214799907,0.005580629532233993,0.7103489053466921,0.23591628941774387,0.07281740761297167,0.6352398951945484,0.06496784296621945,-0.11616742476747113,0.6807246895613079
500,0.9142219119531207,0.5,0.6943426582751184,0.6823626270529286,1.9230988774127826,0.2983440703525377,-0.11581902387706591,0.6172178946758637,0.046027471441490705,0.04373803502521338,0.6260350829331023,0.0658652021159328,-0.06745375235183709,0.620363189744005,0.11022741078755788,-0.01824319009001529,0.6051531954891642
750,0.8966842633778496,0.75,0.6659832197661737,0.6800688449119066,2.006405431929621,0.13968890015793642,0.026134566744861767,0.6128172075750397,-0.17355604682533002,0.1084915971730379,0.6148342809808502,-0.08355065617296671,-0.10552542316896285,0.6256901262828289,0.011449942044872086,-0.07086446024510937,0.6072255491230624
1000,0.9186627089299219,0.75,0.6908293842021875,0.6946225135192933,2.0399266344138125,0.04300954807414476,0.07446902371086646,0.6778940098839406,-0.07809910843020396,0.10240181107668365,0.6102920872888384,-0.08553450667832627,0.053153841105667024,0.6379737954813987,0.10692836705538167,0.04549594554592401,0.6177784883347509
