accuracy,epoch,grad_norm,mse
0.5,0,0.0,1.8264772076448605
0.5,1,1.1092425197124538,1.8200103531216818
