accuracy,epoch,grad_norm,mse
0.5,0,0.0,1.8461806229487316
0.5,1,1.3699600584438776,1.861420363773028
