accuracy,epoch,grad_norm,margin,mean_1,mean_2,mean_3,mean_4,mse,response_norm,std_1,std_2,std_3,std_4
0.75,0,0.0,0.004037420123596513,-0.0930087450542509,0.004037420123596513,-0.34500372174246313,-0.932859360455003,0.9070293685104287,0.0,NaN,NaN,NaN,NaN
0.5,1,0.5254704768072648,0.08538202186741842,-0.23843646943158742,-0.08538202186741842,-0.2540226894743044,-0.7143549104606913,0.8530497918447794,0.0787545664050263,NaN,NaN,NaN,NaN
