accuracy,epoch,grad_norm,margin,mean_1,mean_2,mean_3,mean_4,mse,response_norm,std_1,std_2,std_3,std_4
0.5,0,0.0,0.4904988885227586,-0.814387726090887,-0.7759551810058154,0.5092280173672644,0.4904988885227586,1.4127281991979888,0.0,0.32549293849557137,0.40273219797455223,0.6666242506351586,0.7695827491881088
0.5,1,0.24288475828283584,0.5442507279046659,-0.8426716277395065,-0.774123454219843,0.5524382476676056,0.5442507279046659,1.4393220200790044,0.511643931336972,0.2617939256104653,0.4160399630428265,0.7037275377338323,0.6978141614375156
0.5,2,0.2552151052748489,0.517888615131744,-0.8456149585072155,-0.6517765407844689,0.517888615131744,0.6477689012443191,1.4249435552625331,0.5105095125425159,0.15949306010475134,0.5745157195367874,0.7116960814625561,0.6155453014190857
