workers,total_speedup,train_speedup
1,1.0,1.0
8,1.2352038104561616,0.9696365302689295
16,1.5990188373298904,1.2805407106668032
32,1.5919835959327902,1.2789573947854267
