accuracy,epoch,grad_norm,margin,mean_1,mean_2,mean_3,mean_4,mse,response_norm,std_1,std_2,std_3,std_4
0.5,0,0.0,0.1338511674661613,-0.43764331354371766,-0.1338511674661613,0.20267933929188353,0.1544784587946426,0.8926010651448368,0.0,0.20277269209716312,0.27632987496937783,0.4122459031843059,0.190649723504546
0.5,1,0.2239723756912498,0.09666757237022591,-0.3351600720441616,-0.3425020984327029,0.1251734313210309,0.09666757237022591,1.0530813259138898,0.6118714580338522,0.24503679229795342,0.2294583788124884,0.32944919717437354,0.33143033511146835
0.25,100,0.22614934175605655,0.019161675894566407,-0.3410205952625947,-0.3451625905717912,-0.019161675894566407,0.045582914561925016,1.0939126009444773,0.5355948471097652,0.19924836670840096,0.26887644075011524,0.33160958983389416,0.22941121488963995
0.75,200,0.26957889776038463,0.08604139443372907,-0.6080100240328745,-0.48440314187628086,0.08604139443372907,-0.3381008613686893,0.9076349078200987,0.635585349165063,0.07734098575813093,0.15405226056222734,0.2876053537006273,0.2645907450482244
0.75,300,0.24005471721865254,0.0942732955300602,-0.5537443698907322,-0.5972355612781102,0.0942732955300602,-0.5457174614151552,0.944254753417172,0.5966414456967405,0.2737032032669884,0.144911692606529,0.5050077100675421,0.19718368473948966
0.5,400,0.1283973084152463,0.2714594750818009,-0.6742237821234782,-0.7112599824577044,-0.2714594750818009,-0.5679259042171423,1.209459523179234,0.5440899841596352,0.04714876210873614,0.06958159230214256,0.43323232954679614,0.23287680620777315
0.5,500,0.23781709161142223,0.3132430965693638,-0.726488207081544,-0.7457140037865737,-0.3132430965693638,-0.7216521897454522,1.2311027545106528,0.5166261761471471,0.048513759438224335,0.03796044735470319,0.3387310713478893,0.07331390207992863
