accuracy,epoch,grad_norm,margin,mean_1,mean_2,mean_3,mean_4,mse,std_1,std_2,std_3,std_4,temperature
0.5,0,0.0,0.0004117302083826088,0.1225056440468493,0.3691602905787865,0.0004117302083826088,0.3727774586737651,1.1354180800118683,1.0154194043239106,0.9511350554688478,1.0176536542660646,0.9495466356780103,0.03286872334778309
0.5,1,1.3084453400225156,0.002107260215909186,0.002107260215909186,0.370211637804081,0.12264480053382672,0.12226856339665701,0.8575228041383947,1.0219999007302885,0.9481790681848878,1.0165123524561022,1.0135595967024713,0.03286872334778309
0.5,600,0.732056007373848,4.1100257903818604e-5,4.1100257903818604e-5,0.37137016991925215,0.1220671563346944,0.3720105682790264,1.012109185731994,1.0243542702257487,0.9500866455369859,1.0154876509410338,0.9483112050375806,0.03286872334778309
0.5,1200,0.324971039316486,0.003913349003028643,-0.12211399906261303,0.24338807981451563,-0.003913349003028643,0.4961740716074017,1.1473810733163377,1.0138915720544348,0.9880635302516547,1.0197598841464317,0.886504439099017,0.03286872334778309
0.25,1800,0.32162624307376875,0.000735758332737313,0.000735758332737313,0.37024171203343503,-0.0017767903506819976,0.37300731139280613,1.0716933435229485,1.0231285477925776,0.9513466363073324,1.0228524167730009,0.9450908773263378,0.03286872334778309
0.5,2400,0.3492382906400766,0.1233502809454989,-0.1233502809454989,0.3688608435022669,-0.12539662769078846,0.49785181271272666,1.1692322468119016,1.0150257727497247,0.9446424621002699,1.0139383948089997,0.8859642760928376,0.03286872334778309
0.75,3000,0.3633306732571864,0.001371513876688303,-0.1266238498445539,0.12465721868486421,0.001371513876688303,0.36863504172630535,1.0998579037997422,1.0153120517633243,1.0158243215462346,1.0270888746130158,0.9489162245498649,0.03286872334778309
0.5,3600,0.30178006437663824,0.12548041783338537,-0.12548041783338537,0.3723119376153238,-0.2506435069408885,0.4968046471933046,1.240827534141494,1.018286582440301,0.9475364167383787,0.9901317393795737,0.8864006216015703,0.03286872334778309
