config,epoch,score_10,response_norm,score_11,std_11,mse,grad_norm,score_00,std_01,std_00,min_margin,score_01,accuracy,std_10,param_delta
lgv_4x4_global4,0,0.005092323293307991,0.0,0.05890559312686428,0.023845433358824795,1.0120436618162836,0.0,-0.004700325778035022,0.03308197540889556,0.03213806052328814,0.004700325778035022,0.027153215848702415,0.75,0.04474115166563441,0.0
lgv_4x4_global4,1,-0.0070326487340292764,0.3194951311674051,0.08047948843919536,0.02664559499543929,1.0236686939814692,0.36452736032363886,-0.004985258531259395,0.0393480353771137,0.03507998094120168,0.004985258531259395,0.03923480515181425,0.5,0.03676202524855145,0.2645718223621896
lgv_4x4_global4,100,0.25692663996851184,0.37846953556539625,0.1815543243824051,0.06844600457317353,0.6684883540258458,0.3696721666954689,-0.44642250349789964,0.07362225251206747,0.20598977511074096,0.1815543243824051,0.35248418427454387,0.75,0.09899625605428135,4.887532094462595
lgv_4x4_global4,200,0.18462644350996515,0.31522685967515873,-0.041939954610185654,0.04138542859133128,0.577889107969014,0.26392982615966226,-0.57454921113593,0.13095640304970596,0.22424503428902415,0.041939954610185654,0.2598412528818866,1.0,0.07603609662665849,6.063558384894305
lgv_4x4_global4,300,0.272320677609258,0.2549752404237253,-0.05325738775139326,0.07103902418002166,0.4922024149634195,0.3096982579280347,-0.46310767076282405,0.07417078159582245,0.308572667947339,0.05325738775139326,0.49530453085291865,1.0,0.12152863804779673,6.719403651073535
