config,epoch,score_10,response_norm,score_11,std_11,mse,grad_norm,score_00,std_01,std_00,min_margin,score_01,accuracy,std_10,param_delta
lgv_8x8_inlaid4,0,0.004903870281951144,0.0,0.00032015134660670543,0.01168490218042184,1.0059967758110382,0.0,0.009701631376536455,0.011626964918411383,0.015326906876106558,0.00032015134660670543,-0.006793427804222362,0.25,0.0074555285378065375,0.0
lgv_8x8_inlaid4,1,0.0009170908645221212,0.13029744497995743,-0.00035601073953080674,0.013845185100677455,1.0007118164950137,0.038522760978656916,0.002520203379839685,0.01314367704012502,0.014444707795981115,0.00017285666234004055,-0.00017285666234004055,0.5,0.012211114294979578,0.866638038663669
lgv_8x8_inlaid4,100,0.0029646513842518534,0.14365546884698957,-0.0014091091531101185,0.009004213487306456,0.996992350308402,0.04724079439146033,-0.0032927632696927735,0.012295187134282877,0.00615525129580642,0.0014091091531101185,-0.0016390726261291413,0.75,0.0074490362304282685,9.265940384650683
lgv_8x8_inlaid4,200,0.0019206169808710179,0.15712707266776546,0.004467565304256394,0.00894378328754531,0.9978431356706914,0.05245757389332992,-0.0018354200601236896,0.009659066082839682,0.007876190960609977,0.0018354200601236896,0.005051524208358785,0.75,0.008096628919006426,13.081179255499345
lgv_8x8_inlaid4,300,0.004881982216376351,0.16386170467199876,0.00282898682640865,0.007255065047536533,0.9962414220922327,0.05437950397140455,-0.003572153275379025,0.006323881771520074,0.005092087375081789,0.0019161415473265288,0.0019161415473265288,0.75,0.007643531950619547,16.157881281213175
