accuracy,epoch,grad_norm,margin,mean_1,mean_2,mean_3,mean_4,mse,response_norm,std_1,std_2,std_3,std_4
0.5,0,0.0,0.7804958998543908,-0.8817227208381478,-0.8939699634394328,0.7804958998543908,0.8026391123697875,1.7247003891506916,0.0,0.032308884384263686,0.01778313963286437,0.29114563789519204,0.27232213601732136
0.5,1,0.41275195789267594,0.6875372690130162,-0.8955465537099783,-0.8621561183226244,0.6875372690130162,0.8541804761595422,1.7535385319688293,0.49901458223022965,0.020115607447582253,0.06563936668018594,0.5554293205270077,0.09913759786374056
0.75,100,0.294862100480047,0.44087709360301985,-0.7611491820247974,0.44087709360301985,0.6439352930961054,0.8886508212737698,1.0158630344764679,0.3984290916519476,0.362638544242281,0.8057198474074411,0.6185398060766454,0.006937915323471442
0.75,200,0.12444055774337716,0.6695287772969531,-0.9021866956296062,0.8196496143752856,0.6695287772969531,0.9048290379737984,0.944919649262468,0.2994388859330691,0.008691736010626394,0.20993363445761914,0.6257861983666719,0.010653422418983583
0.75,300,0.11283166078848245,0.9023447264413231,-0.9051867077803256,0.9023574139694477,0.9023447264413231,0.9041905163081734,0.9135004274600188,0.2810411497050456,0.018421777710265833,0.016821873763111908,0.006902520052324611,0.006903980517260925
0.75,400,0.03695470706793235,0.8955443243551218,-0.9036536224467594,0.9008551528366899,0.8994061218538792,0.8955443243551218,0.9055799347755148,0.23549464074639587,0.011145206580767772,0.011515915620186811,0.01892483743143012,0.00663341596672891
0.75,500,0.07400720800399757,0.8945976434695643,-0.8967811329774321,0.8966558723533975,0.8945976434695643,0.9031193861624507,0.913576799494493,0.21902532523456844,0.011095588745323688,0.012025987438700605,0.012170302316708844,0.016922858490510145
