accuracy,epoch,grad_norm,margin,mean_1,mean_2,mean_3,mean_4,mse,response_norm,std_1,std_2,std_3,std_4
0.5,0,0.0,0.48157233034092334,-0.8074386293141654,-0.775037560697513,0.48157233034092334,0.5179875652231596,1.4402229300519154,0.0,0.27061488882149953,0.33716856699820114,0.7947887047205981,0.7211636560355267
0.5,1,0.28569635678307015,0.5197375879445977,-0.7739747177973807,-0.8081966616124212,0.5469180991718721,0.5197375879445977,1.458887035082693,0.5377088779127657,0.38092301042963467,0.4121025560243636,0.7355921653467623,0.6964758151220579
0.5,2,0.3008190855010075,0.37450929159448987,-0.7810767961194452,-0.6354799903814938,0.4641365475690605,0.37450929159448987,1.2247869001165925,0.5509246843593869,0.3777985133392367,0.5968927277247764,0.7928563490988075,0.8370905732565774
