accuracy,epoch,grad_norm,margin,mean_1,mean_2,mean_3,mean_4,mse,response_norm,std_1,std_2,std_3,std_4
0.5,0,0.0,0.6731692221423641,-0.9241990627210156,-0.6731692221423641,0.9144030277791139,0.6865072618000799,1.414218653443661,0.0,0.009936304602108757,0.5872125668488024,0.02389837154754601,0.6544180775647578
0.5,1,0.4199370884581322,0.7178116788731587,-0.8177603959819173,-0.8874531630152531,0.8493312112337149,0.7178116788731587,1.6423171909575678,0.4022401615623948,0.31812517761711434,0.056796299444689856,0.14373119509301874,0.5960127116781829
0.75,100,0.15441635534528256,0.11965952948198585,-0.5099288686457041,0.11965952948198585,0.9328459998515856,0.8730617037853509,1.1320097159354932,0.360545376834435,0.7758163888375648,0.8141593122709957,0.012994265902147207,0.13279747508092873
0.75,200,0.11611451852781286,0.7878390801537065,-0.8793959152333816,0.7878390801537065,0.9240852795964063,0.9234661972721676,0.941260714498757,0.22971408446062486,0.1432884212300268,0.22421584730783475,0.011835082742475883,0.013098366254640208
0.75,300,0.1038296642076728,0.8421603291350583,-0.9236323652704612,0.8421603291350583,0.9267245025352405,0.9203269691003051,0.9309425860289023,0.25614216666005374,0.010818259335681632,0.12961560306833533,0.01067034686720211,0.023898586958053126
0.75,400,0.12114747584478365,0.750185825346753,-0.8328698479185799,0.750185825346753,0.9347651670878723,0.9271591790595299,0.952134423612729,0.2579756818788171,0.26883963056894916,0.29420329273248985,0.010195334202037365,0.0074654826018422885
0.75,500,0.25233290168084155,0.6881512275190023,-0.9298337042168555,0.6881512275190023,0.9302075527291275,0.931853039338388,0.9597750293147144,0.3131046163050053,0.007830237669764005,0.4688044491518805,0.00651926539838491,0.010803354654875428
