accuracy,epoch,grad_norm,margin,mean_1,mean_2,mean_3,mean_4,mse,response_norm,std_1,std_2,std_3,std_4
0.5,0,0.0,0.17331360380665017,-0.5740649351551262,-0.4217605423312631,0.17331360380665017,0.4243373919197698,1.2287427807166136,0.0,0.3586551080645683,0.41938542349339214,0.5181390366074642,0.35686109773666547
0.5,1,0.23222210743498542,0.18204442121294645,-0.37250409464510315,-0.18204442121294645,0.3313947398536363,0.1833694768638394,0.9095941094065486,0.5948884137893865,0.42640607806805814,0.4186429664975207,0.5009853562257655,0.4913636815045919
0.75,100,0.20195554884984462,0.16109405034651997,-0.6286848795644706,-0.2937546095322243,0.40216106795868245,-0.16109405034651997,0.7182126223445601,0.6512764549317855,0.15522156383782093,0.4136313953422273,0.39566852968472344,0.4322044402118637
0.5,200,0.3218175070430196,0.1285342539138406,-0.7249127806962388,-0.6409684540677882,0.5623027855840295,0.1285342539138406,1.058404714808568,0.5868021652386994,0.1122001314328979,0.13163356781179023,0.5258216034265658,0.5156225800288197
0.5,300,0.29523155036076226,0.0865251332900491,-0.8040099831922288,-0.0865251332900491,0.2893378281840827,0.2636479990264718,0.830198984963248,0.42523405433649236,0.03242452662941559,0.4513453653232512,0.7188513034289696,0.42387052067895364
0.75,400,0.25397659646681436,0.4284246286062844,-0.8160944461915461,0.4284246286062844,0.7340012341792507,0.7276794627738385,0.8540378318535298,0.38595223506373155,0.02941832354848774,0.46311668641439446,0.19018603394958963,0.060678026708591654
0.75,500,0.16472953493604864,0.5681646302357983,-0.6059429469098413,0.5803174060883747,0.5681646302357983,0.7684090302847008,0.9112916814235875,0.3615187641338821,0.5531755212955076,0.5626511216012086,0.5678198043362637,0.1035531535044344
