accuracy,epoch,grad_norm,margin,mean_1,mean_2,mean_3,mean_4,mse,response_norm,std_1,std_2,std_3,std_4
0.5,0,0.0,0.4711524158670877,-0.8413367096772254,-0.6929957467804735,0.4711524158670877,0.579095599378033,1.4161578293827772,0.0,0.21247406612059733,0.45450118268059536,0.7484612969417789,0.7376431536335853
0.5,1,0.29110379734866954,0.42099999117090203,-0.8075889848159228,-0.68915035273928,0.5660439564632083,0.42099999117090203,1.2744524338883028,0.5436025681942604,0.3123965615267827,0.46930770616337303,0.7299172103724417,0.7831102868261431
0.5,2,0.308517897530809,0.5256385862775078,-0.7283157261558042,-0.7399209542202567,0.5318609203850962,0.5256385862775078,1.4119661413476245,0.5442227120983534,0.528462364973374,0.4633406993918052,0.7168322124996583,0.7152922370685656
