accuracy,epoch,grad_norm,margin,mean_1,mean_2,mean_3,mean_4,mse,std_1,std_2,std_3,std_4,temperature
0.5,0,0.0,4.012176821262259e-5,0.24972844138492367,0.24805540168857437,0.2464215590895147,4.012176821262259e-5,0.9238006419718453,1.0314326642274954,1.030553953620762,1.0300574397933784,1.0657580986300665,0.0012713385283946992
0.75,1,0.5158257337962309,0.24849761877814222,0.24971358168747224,0.2506500030338593,0.24849761877814222,-0.24901385585873304,0.8130113679703939,1.0310345366654954,1.0288645422974572,1.0325391085244406,1.0288082903322295,0.0012713385283946992
0.75,400,0.2501176943700745,0.1524409355821456,0.3078368714342335,0.1524409355821456,0.17295189128355543,-0.2523359164575873,0.917950951477629,0.7930452510849484,0.7987019711709596,0.826974334425752,0.686642355571358,0.0012713385283946992
0.75,800,0.4025977304314352,0.05610589918350187,0.3224603173216029,0.11438230142183547,0.05610589918350187,-0.20471294609532828,1.0141593926474493,0.7756023693261733,0.7540201000144957,0.8348485280724032,0.625104581909232,0.0012713385283946992
0.5,1200,0.5815758658291765,0.03695811895909572,0.3181331034954358,0.12863010016093557,-0.03695811895909572,-0.24168932507437943,1.0367694002643466,0.7563693695782264,0.7413437216267384,0.829954373305396,0.5329674451798461,0.0012713385283946992
