accuracy,epoch,grad_norm,margin,mean_1,mean_2,mean_3,mean_4,mse,response_norm,std_1,std_2,std_3,std_4
0.5,0,0.0,0.025999559870748333,-0.03851970709520981,-0.025999559870748333,-0.30672428558889653,-0.8844832558530568,0.9244979818063431,0.0,NaN,NaN,NaN,NaN
0.75,1,0.4090051743817856,0.0709078327283577,-0.0709078327283577,0.08237345402139272,-0.38770506971078006,-0.9047981636236866,0.9100098708301424,0.07286269892006828,NaN,NaN,NaN,NaN
