accuracy,epoch,grad_norm,margin,mean_1,mean_2,mean_3,mean_4,mse,response_norm,std_1,std_2,std_3,std_4
0.5,0,0.0,0.012380731180254312,0.012380731180254312,0.21512155492604443,-0.40499114814050347,-0.9222772475759194,0.9052474677510804,0.0,NaN,NaN,NaN,NaN
0.75,1,0.5322949826465035,0.03285541040143179,-0.03285541040143179,0.33310857256373694,-0.06644896341713055,-0.9250219514687059,0.6307619831281982,0.06898132165826756,NaN,NaN,NaN,NaN
