accuracy,epoch,grad_norm,mse
0.5,0,0.0,1.8405851196357317
0.5,1,0.0,1.8393002183530693
