accuracy,epoch,grad_norm,mse
0.75,0,0.0,0.998025286215877
0.5,1,0.058671984702327054,0.9978651353709006
