accuracy,epoch,grad_norm,margin,mean_1,mean_2,mean_3,mean_4,mse,std_1,std_2,std_3,std_4,temperature
1.0,0,0.0,0.2482337313278712,-0.2482337313278712,0.2500898751074673,0.7487085388104876,-0.2492556842689131,0.43857053604971186,1.0320396868297723,1.0303848911959554,0.7045184357579536,1.0309553563388862,0.000794586580246687
1.0,1,0.15200670534630595,0.2480468457803316,-0.2502103762397933,0.2480468457803316,0.7475686147876354,-0.2492681655239475,0.43873447939384824,1.032565345936499,1.0315417500499728,0.7055690586956955,1.032898826375553,0.000794586580246687
1.0,400,0.14126986673980696,0.10671991062632824,-0.24821022640790774,0.10671991062632824,0.6801735362377788,-0.12737406801176687,0.5567255414625161,1.0308880822430924,0.9504332435858861,0.6972345471626977,0.9847439610531415,0.000794586580246687
0.75,800,0.12214205390585087,0.14472565979543092,-0.2290674662862739,-0.14472565979543092,0.4073929446893817,-0.15126806066857545,0.7440657086443884,0.8886913806267362,0.8665438279357233,0.7679854198133397,0.9796865118681402,0.000794586580246687
0.75,1200,0.12721639403983298,0.14091006218688262,-0.16668355315447436,-0.1763595552834597,0.31025820036358986,-0.14091006218688262,0.8230043438268426,0.9153207334044964,0.8555396861984356,0.8023653178494339,0.984008190205708,0.000794586580246687
