accuracy,epoch,grad_norm,margin,mean_1,mean_2,mean_3,mean_4,mse,response_norm,std_1,std_2,std_3,std_4
0.25,0,0.0,0.11255417181261121,0.18547642343663112,-0.11255417181261121,-0.41326685358740634,-0.879581755697304,1.1637387221878857,0.0,NaN,NaN,NaN,NaN
0.5,1,0.49716405536712416,0.062475023193242704,-0.11211383992459592,-0.062475023193242704,-0.40676795379511077,-0.9020928463335671,0.9764442236817182,0.08081268409578857,NaN,NaN,NaN,NaN
0.75,2,0.32604494368166204,0.01990004301984158,-0.01990004301984158,0.17088652577730057,-0.162598841683128,-0.9562202228714451,0.7503944535946301,0.06736374244551321,NaN,NaN,NaN,NaN
