accuracy,epoch,grad_norm,mse
0.75,0,0.0,0.9982398397960777
0.375,1,0.028759124371695394,0.9985654791310216
