accuracy,epoch,grad_norm,margin,mean_1,mean_2,mean_3,mean_4,mse,response_norm,std_1,std_2,std_3,std_4
0.5,0,0.0,0.47389687602850317,-0.7930433742523451,-0.6338752691335627,0.47389687602850317,0.7955050732888769,1.5532506013214475,0.0,0.0327852967024491,0.15045041615693935,0.3135796798613813,0.050197428787267934
0.5,1,0.15933654444310338,0.6307732679620521,-0.7438122691950234,-0.6666277746385033,0.6307732679620521,0.6665568288694005,1.439255084028537,0.507574889068875,0.2179877332993222,0.19444762228648835,0.21780836005017312,0.37766972167957225
0.75,100,0.1814504515172298,0.11427673078907369,-0.7654435129368662,0.11427673078907369,0.6282070196023078,0.8018262767209163,1.056082601750012,0.5201843572863913,0.09406570961789684,0.6450336648825818,0.5562841455590541,0.05364806396191132
0.75,200,0.19823232426719903,0.7939597169885049,-0.8114540900297182,0.7998584326561011,0.7939597169885049,0.814829125928013,0.8529158904213716,0.5008769690822109,0.040571407154837355,0.026597071879703317,0.06870772914919354,0.020805131867020467
0.75,300,0.17807560860662455,0.5471914115767307,-0.8295664346789494,0.7373702516649178,0.5471914115767307,0.8253209401371684,0.9087135342879258,0.5074044746614628,0.02242405564064562,0.2116129782260608,0.5234624089752703,0.0202444279712271
0.75,400,0.11836085690785221,0.20714595463062124,-0.6572480328976744,0.8300449130226428,0.20714595463062124,0.8237713158445057,1.025280748074446,0.36517185181957446,0.31945238812218296,0.016098640793874085,0.8628778500847083,0.020900801577311934
0.75,500,0.08748020261893882,0.6858433216935483,-0.7636245365242902,0.7183545367163081,0.6858433216935483,0.8174714425147441,0.8842735974007028,0.30066536831078844,0.13884126564452276,0.2899691267651073,0.3913545481357455,0.023209623835156748
