accuracy,epoch,grad_norm,margin,mean_1,mean_2,mean_3,mean_4,mse,response_norm,std_1,std_2,std_3,std_4
0.5,0,0.0,0.028916972115505885,-0.028916972115505885,-0.2635512350244688,0.14773039514358816,0.23070006132070892,1.1951375227185195,0.0,0.17872396228436796,0.25089134380915085,0.138836968934579,0.252687026473861
0.5,1,0.08876229870962812,0.08279723645493689,-0.1176329031899642,-0.1219648112787942,0.08279723645493689,0.30786043917587175,1.147284142274209,0.6419561025411351,0.28841962191760395,0.2155258016188193,0.2218212759626527,0.12722571108123815
0.75,100,0.10062090619231111,0.05626970458460149,-0.3608503404568857,-0.16087984803816396,0.05626970458460149,-0.07212973475497934,0.8769311021214725,0.5226667546022548,0.21256034168234014,0.2818935583969249,0.20903943923369742,0.15152099345728012
0.5,200,0.08197892471024355,0.07372546874751912,-0.5288540407006298,-0.4092104288880362,0.0997626753240869,0.07372546874751912,1.042791542706913,0.58669745968855,0.1691324442913474,0.16823586779455907,0.2463813251936843,0.3586313688060531
0.5,300,0.11692233402067957,0.01399952487621495,-0.4137128157044116,-0.4743876144135023,-0.04121857854575999,-0.01399952487621495,1.1434711413145926,0.5647432929580916,0.16030539263654192,0.1189685263620134,0.3706656891381139,0.2748028003431776
0.5,400,0.08601838423016295,0.0013902970077130788,-0.460950997800167,-0.4099612541888517,0.34110326468236024,0.0013902970077130788,0.9288729999599687,0.5649738395182219,0.21872486795414603,0.16922972122824514,0.2061055896877724,0.42045910645809975
0.5,500,0.12966771429158833,0.05881696098632703,-0.5287656764652502,-0.5058806454384168,0.4733381870005789,0.05881696098632703,0.9720510820318586,0.5462334728396204,0.14992932522615754,0.14363186790294472,0.2167110797768117,0.32473149853332517
