accuracy,epoch,grad_norm,margin,mean_1,mean_2,mean_3,mean_4,mse,response_norm,std_1,std_2,std_3,std_4
0.5,0,0.0,0.4849492878283243,-0.8061951512221921,-0.8096965531563232,0.5148482861056933,0.4849492878283243,1.4382521267080242,0.0,0.3695177690394065,0.35572897802445125,0.7589486591504849,0.746430864274839
0.5,1,0.2853954838665801,0.42832495668966664,-0.7746181022568768,-0.7691732522865271,0.42832495668966664,0.5749639584958797,1.4970237055353155,0.5255442756089541,0.44886904179459863,0.29432976255578197,0.818682396893756,0.6304371323988053
0.5,2,0.303930423009125,0.4154088077321192,-0.7333192226204222,-0.8050767945041059,0.5211092829572267,0.4154088077321192,1.3905348207390986,0.560667030562616,0.5071518225768832,0.4563864721235458,0.7246382385152275,0.7768825060209372
