accuracy,epoch,grad_norm,margin,mean_1,mean_2,mean_3,mean_4,mse,response_norm,std_1,std_2,std_3,std_4
0.5,0,0.0,0.5167003602027574,-0.8412560372046478,-0.7655767395100043,0.5455729095437488,0.5167003602027574,1.4123362080006143,0.0,0.1958124332610571,0.3396172700605299,0.6652536853458426,0.7385174225658226
0.5,1,0.2569886965422625,0.4918400162281223,-0.8479723075401976,-0.8011694451712953,0.4918400162281223,0.591745000552055,1.514800626345705,0.5120889526957063,0.14703718748218542,0.39609473545760776,0.6996961706611889,0.7039362379007051
0.5,2,0.2724072276569067,0.5329473952201047,-0.8227159060335154,-0.692688906866621,0.5682222441406212,0.5329473952201047,1.3582462830924746,0.5717619505686447,0.23419499512131678,0.46896865057858045,0.6426082062158749,0.6973952180977179
