accuracy,epoch,grad_norm,margin,mean_1,mean_2,mean_3,mean_4,mse,std_1,std_2,std_3,std_4,temperature
0.5,0,0.0,0.10483821132725835,0.10483821132725835,0.1562155459258482,-0.14627462245182596,-0.12511220552419958,1.003003460286459,0.8429163255443447,0.8346968530250425,0.8459315830118731,0.7976904010178931,0.04930308502167463
0.5,1,10.733504264962768,0.025720716187465836,0.0437898542533726,0.025720716187465836,0.08428312455239816,0.1521206201341704,1.0511591755066014,0.9566816193470238,0.7822921804813887,0.7093995214334836,0.8180501945820379,0.04930308502167463
0.75,1000,11.65186867424165,0.022684449941679286,-0.022684449941679286,0.05601939749757146,-0.11638910758509165,-0.024119363711277042,1.0112281795261415,0.8938070620302809,0.7535680128370468,0.7991708060843102,0.7837049238443755,0.04930308502167463
0.5,2000,9.626571557761011,0.049875672934955186,-0.05798820148594205,0.3113499849794286,-0.38327483665324485,0.049875672934955186,1.0943283185165522,0.8168738808313363,0.8157759493292545,0.7608459853356487,0.7786121904685169,0.04930308502167463
0.75,3000,7.590582597781155,0.03549878097310633,-0.03549878097310633,0.3324839922188812,0.12694845525427803,0.15643639892917058,0.8688510916748915,0.8360244277224737,0.7511392820753777,0.7664821334201851,0.8137470153823847,0.04930308502167463
0.5,4000,9.37595700378278,0.11131589224734444,-0.1339469570821785,0.4060776674248925,-0.11131589224734444,0.25903348582698343,0.9807449852684577,0.8297909791269235,0.7680826200133523,0.697433970104643,0.7248964775955212,0.04930308502167463
0.75,5000,6.573123145445235,0.009168938155840392,-0.1567442144518726,0.23907260649465742,-0.1947729075035758,-0.009168938155840392,0.9248298279167492,0.840606653265325,0.7602032398295394,0.8539342993985273,0.9413326132870172,0.04930308502167463
0.5,6000,8.42784405188653,0.03071379729301153,0.21094476230084477,0.09598943858696825,-0.27194527834068877,-0.03071379729301153,1.2102457115853649,0.7828763380611685,0.8004768963684604,0.7956447008705182,0.8460217919115836,0.04930308502167463
