feature,train_acc,val_acc,nfeat
input,0.9990234375,0.986328125,784
hidden,0.7431640625,0.544921875,512
hidden_output,0.763671875,0.5576171875,522
input_hidden,1.0,0.98828125,1296
