accuracy,epoch,grad_norm,margin,mean_1,mean_2,mean_3,mean_4,mse,std_1,std_2,std_3,std_4,temperature
0.5,0,0.0,0.00010607043300718544,-0.24876170212782867,-0.0003241675814331102,-0.24834604337673183,-0.00010607043300718544,1.030790783709157,1.0324878155784938,1.065890522224151,1.0318617910721712,1.0641647260302656,0.0012713385283946992
0.25,1,0.48169864549073693,0.0005503909545170604,-0.2493331193990202,-0.0005503909545170604,-0.248116219848869,0.0009452312409373304,1.0310718261660614,1.0314900382543213,1.0650447674572106,1.0292985683682923,1.0631814298313715,0.0012713385283946992
0.5,400,0.267075615482543,0.029545034125805517,-0.029545034125805517,-0.04240919669875566,-0.42694640051994437,-0.16013654161216342,1.192486608211008,0.9192170041295128,0.9455713136795688,0.8814870049996576,0.9319641755817273,0.0012713385283946992
0.5,800,0.38902042119630326,0.030129955990492008,0.09594839383250019,0.030129955990492008,-0.3935163787604784,-0.14607601469662207,1.2032062136902906,0.8702040319998972,0.8955619421437175,0.8608476958306426,0.818594557701535,0.0012713385283946992
0.5,1200,0.399246566262631,0.022574226177438372,0.1070026379668193,0.022574226177438372,-0.4130195794054882,-0.16688697292637325,1.217879407865294,0.7985946256449412,0.8522881230984805,0.839278408643403,0.7686697374052571,0.0012713385283946992
