config,epoch,score_10,response_norm,score_11,std_11,mse,grad_norm,score_00,std_01,std_00,min_margin,score_01,accuracy,std_10,param_delta
field_global4_global_langevin_F0p3_R0p25_Tf0p01_eta0p05,0,0.09229548456149472,0.0,0.1437934439268485,0.0654380346454438,0.9910858499590924,0.0,-0.07824543519104538,0.04706920665591169,0.027070604460041506,0.0087780307253413,0.0087780307253413,0.75,0.17087404150456187,0.0
field_global4_global_langevin_F0p3_R0p25_Tf0p01_eta0p05,1,0.08852858779953866,0.04437860336891652,0.1570019979014115,0.06923874964064707,1.009461487162578,0.28685019800934003,-0.06151941722969084,0.020219279047291032,0.0461599994892142,0.006185939922939171,0.006185939922939171,0.75,0.17328939799226134,0.14399910817177486
field_global4_global_langevin_F0p3_R0p25_Tf0p01_eta0p05,2,0.07204437727353878,0.04031670356426811,0.13841136377605473,0.07535767022693003,1.0099941075360297,0.258071252330451,-0.07287204029321531,0.04875219259513904,0.026010713682595867,0.011596809776475342,-0.011596809776475342,0.5,0.1804210653319162,0.2226397408884798
