accuracy,epoch,grad_norm,margin,mean_1,mean_2,mean_3,mean_4,mse,response_norm,std_1,std_2,std_3,std_4
0.75,0,0.0,0.03964650367728058,-0.24291325019983462,0.22000667727488726,-0.03964650367728058,-0.9414849035342655,0.5664646998353822,0.0,NaN,NaN,NaN,NaN
0.5,1,0.38690899475402657,0.10622909887904788,-0.225758528579071,-0.10622909887904788,-0.23243259237730118,-0.8654396213833842,0.8400473163805194,0.12376090392314466,NaN,NaN,NaN,NaN
1.0,5,0.33567567378970564,0.045966994651415,-0.19112831344864373,0.045966994651415,0.20428409482954307,-0.9403162837918624,0.5502945820801356,0.12758972519921682,NaN,NaN,NaN,NaN
0.75,10,0.3504955292610612,0.0145543117786325,-0.0145543117786325,0.4076718048519575,-0.17411941306905662,-0.9519926118406733,0.6757042501662321,0.12131128314944997,NaN,NaN,NaN,NaN
0.25,15,0.2770071182992539,0.003036890720425811,0.003036890720425811,-0.051660752334645364,-0.06147859513293267,-0.9430638615909149,0.8105129684823736,0.12870908468915332,NaN,NaN,NaN,NaN
0.5,20,0.17606578034148523,0.16858211571037346,-0.33522740266899165,-0.16858211571037346,-0.18680189485658247,-0.8648422743630191,0.808568278938721,0.10713514484604694,NaN,NaN,NaN,NaN
