accuracy,epoch,grad_norm,margin,mean_1,mean_2,mean_3,mean_4,mse,std_1,std_2,std_3,std_4,temperature
0.75,0,0.0,0.0019521514893984654,0.0019521514893984654,0.420927269312906,0.030232668050506006,-0.22923212660851866,0.7184412835171272,0.7475239010027549,0.6874599946279101,0.8412745995875219,0.893134735656866,0.03261396307498217
0.75,1,0.18098655865837654,0.027836505528469613,0.027836505528469613,0.40576456643642944,0.06011607864230881,-0.24595484565827436,0.7153823782531019,0.7697513430684011,0.6466341381334373,0.8478671490735036,0.8780668123600757,0.03261396307498217
1.0,100,0.2610311626027642,0.0005209652647583662,-0.0005209652647583662,0.21701581922473628,0.06776844890012768,-0.17863070085058322,0.7889314396677198,0.7793187991602456,0.7594262766366986,0.8753488020980519,0.8913155591237206,0.03261396307498217
1.0,200,0.24115177222633524,0.03215219779526418,-0.03215219779526418,0.31247622154370447,0.051955130987727055,-0.14337966954287157,0.7605014445970841,0.845174345741929,0.7843030106252364,0.9381140701570122,0.9029926567248184,0.03261396307498217
0.75,300,0.2835106995151106,0.12102229622806011,0.12102229622806011,0.2504543613624094,0.13417574595806164,-0.21796663716370993,0.7949343681293454,0.7145813903558369,0.7063642328161245,0.7970036010458625,0.9625525057257839,0.03261396307498217
0.75,400,0.3392127997083675,0.04797913447708052,0.07657422625129137,0.12365741475351619,0.04797913447708052,-0.2106898728692257,0.8640856491318164,0.6788636044087422,0.7819112608575145,0.9389280714495124,0.9181491840352967,0.03261396307498217
