accuracy,epoch,grad_norm,margin,mean_1,mean_2,mean_3,mean_4,mse,response_norm,std_1,std_2,std_3,std_4
0.5,0,0.0,0.03462816711237035,0.03462816711237035,0.12503846035698474,-0.28768343051899464,-0.8996128500676477,0.8760548342853713,0.0,NaN,NaN,NaN,NaN
0.5,1,0.24514661331884496,0.1307151142153081,0.26797155373407683,0.1307151142153081,-0.2732140484774557,-0.9286783026501209,0.9973922178714335,0.033294505714114964,NaN,NaN,NaN,NaN
0.25,2,0.19264182157316928,0.1463049402104039,0.1463049402104039,-0.15075006403372337,-0.5342994340491161,-0.7275379919429273,1.2666377562455815,0.03449961273350366,NaN,NaN,NaN,NaN
