accuracy,epoch,grad_norm,margin,mean_1,mean_2,mean_3,mean_4,mse,response_norm,std_1,std_2,std_3,std_4
0.5,0,0.0,0.13876378436557235,0.1965657739810255,0.13876378436557235,-0.32596562920583244,-0.8987199704529519,0.9854849912008478,0.0,NaN,NaN,NaN,NaN
0.75,1,0.6283078925913923,0.047921227838059306,-0.09386524395843479,0.047921227838059306,-0.3188991353540283,-0.9209637653073687,0.8683189600349719,0.08463528717352159,NaN,NaN,NaN,NaN
