epoch,mse,accuracy,grad_norm,response_norm,param_delta,ff_out1,ff_out2,ff_std,ft_out1,ft_out2,ft_std,tf_out1,tf_out2,tf_std,tt_out1,tt_out2,tt_std
0,1.159012675193831,0.25,0.0,0.0,0.0,0.19593171767024614,0.036682123183292475,0.6672217629299759,0.30257613077891793,-0.2065256952240417,0.5776569625388143,-0.05051597708965984,-0.16858638793393746,0.6080345505928018,0.09593264629780356,0.14630061886343365,0.6080818568208032
1,0.9924567767520739,0.5,0.5527746631016183,0.8408533759521375,0.01824826720629815,-0.03293211965844752,0.07919646585833727,0.5960572339947124,0.03961339511549339,-0.173819282998612,0.6137950121140192,0.185266905814897,0.21090209094980392,0.5652862716966809,0.09293904745194544,-0.3682563826158284,0.5164580614547206
250,1.0458749430156913,0.25,0.5628148684655183,0.8272060779560524,0.8090094401214868,-0.12339653498274397,-0.04058920776678489,0.5920204526776216,0.270910259494782,0.0760277012924476,0.5562203749441921,0.07181527824701156,0.003465125074913506,0.5974478826794226,0.060909539810678134,-0.16824741386128073,0.5866164718371232
500,1.0200466044663905,0.5,0.5576243692596434,0.8382724754624709,1.2965815467465005,-0.1389563527782096,-0.10828005280892505,0.5542355822059614,-0.14298090625166995,0.061442330714774424,0.5848235560084041,0.08931880025548897,-0.12410327068555078,0.5287587452339537,-0.14188151964315424,-0.16423833798328877,0.630950035109061
750,1.012084925009362,0.5,0.6022257898450261,0.8120156122525095,1.6343427832295734,0.13557423558455123,-0.03836236067076126,0.577689529927851,0.15454996386837103,-0.0913143359066557,0.5336415953367182,0.13847620294350924,0.1238584183310164,0.6137287953779307,0.019213373776506733,-0.06455710611809645,0.6299378173339739
1000,0.9304187607944803,0.5,0.5999174791644178,0.8114160213886127,1.8384521832583083,-0.12858240666791723,0.0979267805609584,0.5651540417634169,-0.18069976441476215,0.1359265893210796,0.5770229995106223,-0.04046210033289033,-0.04107169469899251,0.5519509018100397,0.1246888119235459,-0.11930711550654546,0.5803913000711235
