config,epoch,score_10,response_norm,score_11,std_11,mse,grad_norm,score_00,std_01,std_00,min_margin,score_01,accuracy,std_10,param_delta
lgv_4x4_global4,0,0.005092323293307991,0.0,0.05890559312686428,0.023845433358824795,1.0120436618162836,0.0,-0.004700325778035022,0.03308197540889556,0.03213806052328814,0.004700325778035022,0.027153215848702415,0.75,0.04474115166563441,0.0
lgv_4x4_global4,1,-0.0070326487340292764,0.3194951311674051,0.08047948843919536,0.02664559499543929,1.0236686939814692,0.36452736032363886,-0.004985258531259395,0.0393480353771137,0.03507998094120168,0.004985258531259395,0.03923480515181425,0.5,0.03676202524855145,0.2645718223621896
lgv_4x4_global4,500,0.3662593515509791,0.2773418237103148,0.35843512453224846,0.15994443278777382,0.624577721414203,0.3399757423889803,-0.6647546731804281,0.06740434253266686,0.24188378382701592,0.35843512453224846,0.627242358303791,0.75,0.08155216389926707,7.812786147529635
lgv_4x4_global4,1000,0.4930923230969956,0.15910486413934977,-0.060878246449756694,0.0742658916715691,0.3684722675998919,0.2818046010267828,-0.5310943796252628,0.029664362746757867,0.3931358431871103,0.060878246449756694,0.6607191006171056,1.0,0.03538834765500242,9.42516317276124
lgv_4x4_global4,1500,0.24018994097489477,0.21984514595051807,-0.10918159637586206,0.1298257500419579,0.5067157785628836,0.4157979088640558,-0.46989226721023214,0.08288242704451758,0.4845128481287558,0.10918159637586206,0.3876437704596816,1.0,0.12100142743257251,11.762439320331517
lgv_4x4_global4,2000,0.5142429438212366,0.21027911287831194,0.3073047238582796,0.07474422411910622,0.6062557750202396,0.4119933306864028,-0.3490162456659059,0.03910019876621533,0.4992178336619822,0.3073047238582796,0.7628551222893157,0.75,0.03359227816964736,14.550427386698697
lgv_4x4_global4,2500,0.3534639944927498,0.24172474076539474,0.24088281692774255,0.040788483421887754,0.6436590134666709,0.3927483993235482,-0.25426484084278245,0.04569603110232949,0.5412555953621812,0.24088281692774255,0.7535935177402148,0.75,0.19014260032845548,15.173646510935273
lgv_4x4_global4,3000,-0.10828144717398006,0.17529853333064946,-0.4319669029111178,0.0317075015951098,0.6368382945746512,0.4223546540400367,-0.2859666782191129,0.22637073154909135,0.24658547533551461,0.10828144717398006,0.30246130706123703,0.75,0.2219192853036768,15.873946415343365
