accuracy,epoch,grad_norm,margin,mean_1,mean_2,mean_3,mean_4,mse,response_norm,std_1,std_2,std_3,std_4
0.5,0,0.0,0.05505213520458583,-0.05505213520458583,-0.12402319890257014,-0.22212453644604357,-0.9611174269426893,0.9128637139808983,0.0,NaN,NaN,NaN,NaN
0.5,1,0.2738381574455581,0.05039519571055342,-0.11958935147796108,-0.05039519571055342,-0.5185352379462864,-0.8528947756131519,1.0515105482823248,0.07242097477096708,NaN,NaN,NaN,NaN
