accuracy,epoch,grad_norm,margin,mean_1,mean_2,mean_3,mean_4,mse,response_norm,std_1,std_2,std_3,std_4
0.5,0,0.0,0.03212556023477203,0.1783963592370184,0.03212556023477203,-0.44795999438910783,-0.8749108251762839,1.1094085894058245,0.0,NaN,NaN,NaN,NaN
0.5,1,0.5934481952133842,0.000836351145417319,0.000836351145417319,0.3588961404754546,-0.30273742397906395,-0.8983590012173028,0.7800358122351231,0.08945709256673852,NaN,NaN,NaN,NaN
