accuracy,epoch,grad_norm,margin,mean_1,mean_2,mean_3,mean_4,mse,response_norm,std_1,std_2,std_3,std_4
0.75,0,0.0,0.04687782179667749,-0.07924428503044839,0.04687782179667749,-0.06936258784582992,-0.9332937570668717,0.72605476009068,0.0,NaN,NaN,NaN,NaN
0.25,1,0.6763747994970664,0.023534391629127103,0.023534391629127103,-0.11879752064798223,-0.06334767508153957,-0.7954002917487807,0.8679749654433698,0.09595763771464996,NaN,NaN,NaN,NaN
0.5,2,0.655909558534844,0.0998125205185498,0.0998125205185498,0.15505834003163774,-0.3151085883387593,-0.68642278999573,0.9378388136989709,0.11552885756308884,NaN,NaN,NaN,NaN
