epoch,mse,accuracy,grad_norm,response_norm,param_delta,ff_out1,ff_out2,ff_std,ft_out1,ft_out2,ft_std,tf_out1,tf_out2,tf_std,tt_out1,tt_out2,tt_std
0,1.0523555129881814,0.5,0.0,0.0,0.0,0.10584429154209467,-0.03248923975048976,0.9144236018629419,-0.1677052375961807,-0.4938829355816261,0.8087321536109353,0.13479604459314726,0.07031116577541273,0.8766257727502195,-0.06756752905106747,-0.3165762774077314,0.8931091636565726
1,1.038752682091093,0.5,0.8771246788785275,0.5850815248439536,0.018248281056309223,0.0755710689827882,0.12906007051385956,0.9046486386144391,-0.005522733849599726,-0.43064685201240055,0.8596496742208919,-0.0147597299772846,0.30871748948894123,0.888813681077066,-0.13337097107869322,-0.3582517158272822,0.86808799549033
250,1.0103464810550657,0.5,0.8639706675023817,0.6571521948571085,2.0274570896981587,0.0752581346710097,-0.2549183943905593,0.718505385478647,0.10355038101357873,-0.07819343403933848,0.7011839864841922,-0.116482526391159,-0.01892165880588551,0.7048832238861374,-0.10974048560400632,0.11437192577055913,0.7330226727882514
500,0.8843458082901899,0.75,0.7593385841413381,0.6997152430629051,2.388582410347762,0.16837744497669338,-0.26036471284033463,0.748265191465482,-0.024967074177766238,-0.10292182857878562,0.7632028339936112,-0.07039958834386567,-0.02467217750090727,0.7472294332753739,0.08133609277389184,-0.04557300082322499,0.7711444761696532
750,0.8645342655166849,1.0,0.5877112525330891,0.708315034588356,2.45298554798189,0.14076783830929157,-0.1038132352564288,0.780450599811379,-0.12265350508800502,0.011251131004153613,0.7987296148976284,-0.09151262014699374,-0.012908260397865565,0.8114566017513979,0.0904373378104889,-0.025912939573862884,0.858974621958995
1000,1.0762994410375164,0.5,0.7608727385940772,0.726616803787954,2.508833096856083,-0.02127588680831039,0.0074199721431585375,0.8852286985797392,-0.11104810603393166,0.08759137621046606,0.873007200316791,0.25359074218761846,-0.252200755912572,0.7968635838067728,0.06689668808095296,-0.04104595950644171,0.8885515535174846
