epoch,mse,accuracy,grad_norm,response_norm,param_delta,ff_out1,ff_out2,ff_std,ft_out1,ft_out2,ft_std,tf_out1,tf_out2,tf_std,tt_out1,tt_out2,tt_std
0,1.1085398574773593,0.25,0.0,0.0,0.0,-0.17546532869557485,0.0014171109267853976,0.9166330588546546,-0.3419532053808645,-0.3953036158586253,0.8215507549087878,0.25838807003970127,0.08202702660966676,0.8267511808733293,-0.10010070844974045,-0.3163117354854613,0.8471214181594183
1,1.0541617047442495,0.25,0.9926858436638965,0.49759907392678293,0.018248270102054046,-0.13883082142244813,0.00010264176386701879,0.8348322301661442,-0.37235415691445817,-0.38916458824142564,0.8248543978301882,0.16518129828053718,0.1584209496982475,0.8037237156185569,-0.07325516317877895,-0.2288607483448615,0.7899906216107707
250,1.0748116144540725,0.25,0.7813898107456234,0.6111907782382012,1.9905717827736993,-0.0838135535524574,0.04999811356188471,0.5982421952374972,-0.18780587163725085,-0.0566512026913711,0.6138579726460862,0.00440973537955067,-0.05400972960814124,0.6177174200227928,-0.08457806683621827,0.11762649498523291,0.5943832968344692
500,1.0113890844998576,0.5,0.8579102102116275,0.6761915565408092,2.500304785290867,-0.04670939658446829,-0.14686747873025743,0.5357922486775394,-0.0014277957261929451,-0.12417770495611602,0.6317220812716758,-0.023422813055173512,-0.011650218323319684,0.5230032121154132,-0.007823247206832617,0.0069300834113090026,0.5680779096078112
750,1.0084005694906466,0.5,0.802656707245916,0.6837656526227587,2.68180261128373,-0.10094792325147482,-0.10165664475187075,0.598534475891897,-0.1594720728147887,-0.10332506608461409,0.6104597568961319,-0.011356247676812634,-0.012053210021111552,0.5680094606797885,-0.13056101837477915,-0.08106166731615873,0.5745632271667528
1000,1.090167509846606,0.5,0.8398226320452163,0.6945653152701327,2.749446588501633,-0.23822027287457812,0.006836771987581279,0.5660455611165266,-0.1508176678198614,-0.061003579274113665,0.6048218854174897,-0.04569803969458118,0.038615105001006136,0.5646282456104615,-0.20700304546590306,0.01773357079863684,0.6132781296365825
