workers,total_speedup,train_speedup
1,1.0,1.0
8,3.385887734887301,7.117308890903931
16,3.441327282271935,9.343569004621093
32,3.643554400636924,13.07847231467799
